location_id,district_id,state_name
101,1,Alabama
102,2,Alabama
103,3,Alabama
104,4,Alabama
105,5,Alabama
106,6,Alabama
107,7,Alabama
100,999,Alabama
200,0,Alaska
201,999,Alaska
401,1,Arizona
402,2,Arizona
403,3,Arizona
404,4,Arizona
405,5,Arizona
406,6,Arizona
407,7,Arizona
408,8,Arizona
409,9,Arizona
400,999,Arizona
501,1,Arkansas
502,2,Arkansas
503,3,Arkansas
504,4,Arkansas
500,999,Arkansas
601,1,California
602,2,California
603,3,California
604,4,California
605,5,California
606,6,California
607,7,California
608,8,California
609,9,California
610,10,California
611,11,California
612,12,California
613,13,California
614,14,California
615,15,California
616,16,California
617,17,California
618,18,California
619,19,California
620,20,California
621,21,California
622,22,California
623,23,California
624,24,California
625,25,California
626,26,California
627,27,California
628,28,California
629,29,California
630,30,California
631,31,California
632,32,California
633,33,California
634,34,California
635,35,California
636,36,California
637,37,California
638,38,California
639,39,California
640,40,California
641,41,California
642,42,California
643,43,California
644,44,California
645,45,California
646,46,California
647,47,California
648,48,California
649,49,California
650,50,California
651,51,California
652,52,California
653,53,California
600,999,California
801,1,Colorado
802,2,Colorado
803,3,Colorado
804,4,Colorado
805,5,Colorado
806,6,Colorado
807,7,Colorado
800,999,Colorado
901,1,Connecticut
902,2,Connecticut
903,3,Connecticut
904,4,Connecticut
905,5,Connecticut
900,999,Connecticut
1000,0,Delaware
1001,999,Delaware
1201,1,Florida
1202,2,Florida
1203,3,Florida
1204,4,Florida
1205,5,Florida
1206,6,Florida
1207,7,Florida
1208,8,Florida
1209,9,Florida
1210,10,Florida
1211,11,Florida
1212,12,Florida
1213,13,Florida
1214,14,Florida
1215,15,Florida
1216,16,Florida
1217,17,Florida
1218,18,Florida
1219,19,Florida
1220,20,Florida
1221,21,Florida
1222,22,Florida
1223,23,Florida
1224,24,Florida
1225,25,Florida
1226,26,Florida
1227,27,Florida
1200,999,Florida
1301,1,Georgia
1302,2,Georgia
1303,3,Georgia
1304,4,Georgia
1305,5,Georgia
1306,6,Georgia
1307,7,Georgia
1308,8,Georgia
1309,9,Georgia
1310,10,Georgia
1311,11,Georgia
1312,12,Georgia
1313,13,Georgia
1314,14,Georgia
1300,999,Georgia
1501,1,Hawaii
1502,2,Hawaii
1500,999,Hawaii
1601,1,Idaho
1602,2,Idaho
1600,999,Idaho
1701,1,Illinois
1702,2,Illinois
1703,3,Illinois
1704,4,Illinois
1705,5,Illinois
1706,6,Illinois
1707,7,Illinois
1708,8,Illinois
1709,9,Illinois
1710,10,Illinois
1711,11,Illinois
1712,12,Illinois
1713,13,Illinois
1714,14,Illinois
1715,15,Illinois
1716,16,Illinois
1717,17,Illinois
1718,18,Illinois
1700,999,Illinois
1801,1,Indiana
1802,2,Indiana
1803,3,Indiana
1804,4,Indiana
1805,5,Indiana
1806,6,Indiana
1807,7,Indiana
1808,8,Indiana
1809,9,Indiana
1800,999,Indiana
1901,1,Iowa
1902,2,Iowa
1903,3,Iowa
1904,4,Iowa
1900,999,Iowa
2001,1,Kansas
2002,2,Kansas
2003,3,Kansas
2004,4,Kansas
2000,999,Kansas
2101,1,Kentucky
2102,2,Kentucky
2103,3,Kentucky
2104,4,Kentucky
2105,5,Kentucky
2106,6,Kentucky
2100,999,Kentucky
2201,1,Louisiana
2202,2,Louisiana
2203,3,Louisiana
2204,4,Louisiana
2205,5,Louisiana
2206,6,Louisiana
2200,999,Louisiana
2301,1,Maine
2302,2,Maine
2300,999,Maine
2401,1,Maryland
2402,2,Maryland
2403,3,Maryland
2404,4,Maryland
2405,5,Maryland
2406,6,Maryland
2407,7,Maryland
2408,8,Maryland
2400,999,Maryland
2501,1,Massachusetts
2502,2,Massachusetts
2503,3,Massachusetts
2504,4,Massachusetts
2505,5,Massachusetts
2506,6,Massachusetts
2507,7,Massachusetts
2508,8,Massachusetts
2509,9,Massachusetts
2500,999,Massachusetts
2601,1,Michigan
2602,2,Michigan
2603,3,Michigan
2604,4,Michigan
2605,5,Michigan
2606,6,Michigan
2607,7,Michigan
2608,8,Michigan
2609,9,Michigan
2610,10,Michigan
2611,11,Michigan
2612,12,Michigan
2613,13,Michigan
2614,14,Michigan
2600,999,Michigan
2701,1,Minnesota
2702,2,Minnesota
2703,3,Minnesota
2704,4,Minnesota
2705,5,Minnesota
2706,6,Minnesota
2707,7,Minnesota
2708,8,Minnesota
2700,999,Minnesota
2801,1,Mississippi
2802,2,Mississippi
2803,3,Mississippi
2804,4,Mississippi
2800,999,Mississippi
2901,1,Missouri
2902,2,Missouri
2903,3,Missouri
2904,4,Missouri
2905,5,Missouri
2906,6,Missouri
2907,7,Missouri
2908,8,Missouri
2900,999,Missouri
3000,0,Montana
3001,999,Montana
3100,999,Nebraska
3101,1,Nebraska
3102,2,Nebraska
3103,3,Nebraska
3201,1,Nevada
3202,2,Nevada
3203,3,Nevada
3204,4,Nevada
3200,999,Nevada
3301,1,NewHampshire
3302,2,NewHampshire
3300,999,NewHampshire
3401,1,NewJersey
3402,2,NewJersey
3403,3,NewJersey
3404,4,NewJersey
3405,5,NewJersey
3406,6,NewJersey
3407,7,NewJersey
3408,8,NewJersey
3409,9,NewJersey
3410,10,NewJersey
3411,11,NewJersey
3412,12,NewJersey
3400,999,NewJersey
3501,1,NewMexico
3502,2,NewMexico
3503,3,NewMexico
3500,999,NewMexico
3601,1,NewYork
3602,2,NewYork
3603,3,NewYork
3604,4,NewYork
3605,5,NewYork
3606,6,NewYork
3607,7,NewYork
3608,8,NewYork
3609,9,NewYork
3610,10,NewYork
3611,11,NewYork
3612,12,NewYork
3613,13,NewYork
3614,14,NewYork
3615,15,NewYork
3616,16,NewYork
3617,17,NewYork
3618,18,NewYork
3619,19,NewYork
3620,20,NewYork
3621,21,NewYork
3622,22,NewYork
3623,23,NewYork
3624,24,NewYork
3625,25,NewYork
3626,26,NewYork
3627,27,NewYork
3600,999,NewYork
3701,1,NorthCarolina
3702,2,NorthCarolina
3703,3,NorthCarolina
3704,4,NorthCarolina
3705,5,NorthCarolina
3706,6,NorthCarolina
3707,7,NorthCarolina
3708,8,NorthCarolina
3709,9,NorthCarolina
3710,10,NorthCarolina
3711,11,NorthCarolina
3712,12,NorthCarolina
3713,13,NorthCarolina
3700,999,NorthCarolina
3800,0,NorthDakota
3801,999,NorthDakota
3901,1,Ohio
3902,2,Ohio
3903,3,Ohio
3904,4,Ohio
3905,5,Ohio
3906,6,Ohio
3907,7,Ohio
3908,8,Ohio
3909,9,Ohio
3910,10,Ohio
3911,11,Ohio
3912,12,Ohio
3913,13,Ohio
3914,14,Ohio
3915,15,Ohio
3916,16,Ohio
3900,999,Ohio
4001,1,Oklahoma
4002,2,Oklahoma
4003,3,Oklahoma
4004,4,Oklahoma
4005,5,Oklahoma
4000,999,Oklahoma
4101,1,Oregon
4102,2,Oregon
4103,3,Oregon
4104,4,Oregon
4105,5,Oregon
4100,999,Oregon
4201,1,Pennsylvania
4202,2,Pennsylvania
4203,3,Pennsylvania
4204,4,Pennsylvania
4205,5,Pennsylvania
4206,6,Pennsylvania
4207,7,Pennsylvania
4208,8,Pennsylvania
4209,9,Pennsylvania
4210,10,Pennsylvania
4211,11,Pennsylvania
4212,12,Pennsylvania
4213,13,Pennsylvania
4214,14,Pennsylvania
4215,15,Pennsylvania
4216,16,Pennsylvania
4217,17,Pennsylvania
4218,18,Pennsylvania
4200,999,Pennsylvania
4400,999,RhodeIsland
4401,1,RhodeIsland
4402,2,RhodeIsland
4501,1,SouthCarolina
4502,2,SouthCarolina
4503,3,SouthCarolina
4504,4,SouthCarolina
4505,5,SouthCarolina
4506,6,SouthCarolina
4507,7,SouthCarolina
4500,999,SouthCarolina
4600,0,SouthDakota
4601,999,SouthDakota
4701,1,Tennessee
4702,2,Tennessee
4703,3,Tennessee
4704,4,Tennessee
4705,5,Tennessee
4706,6,Tennessee
4707,7,Tennessee
4708,8,Tennessee
4709,9,Tennessee
4700,999,Tennessee
4801,1,Texas
4802,2,Texas
4803,3,Texas
4804,4,Texas
4805,5,Texas
4806,6,Texas
4807,7,Texas
4808,8,Texas
4809,9,Texas
4810,10,Texas
4811,11,Texas
4812,12,Texas
4813,13,Texas
4814,14,Texas
4815,15,Texas
4816,16,Texas
4817,17,Texas
4818,18,Texas
4819,19,Texas
4820,20,Texas
4821,21,Texas
4822,22,Texas
4823,23,Texas
4824,24,Texas
4825,25,Texas
4826,26,Texas
4827,27,Texas
4828,28,Texas
4829,29,Texas
4830,30,Texas
4831,31,Texas
4832,32,Texas
4833,33,Texas
4834,34,Texas
4835,35,Texas
4836,36,Texas
4800,999,Texas
4901,1,Utah
4902,2,Utah
4903,3,Utah
4904,4,Utah
4900,999,Utah
5000,0,Vermont
5001,999,Vermont
5101,1,Virginia
5102,2,Virginia
5103,3,Virginia
5104,4,Virginia
5105,5,Virginia
5106,6,Virginia
5107,7,Virginia
5108,8,Virginia
5109,9,Virginia
5110,10,Virginia
5111,11,Virginia
5100,999,Virginia
5301,1,Washington
5302,2,Washington
5303,3,Washington
5304,4,Washington
5305,5,Washington
5306,6,Washington
5307,7,Washington
5308,8,Washington
5309,9,Washington
5310,10,Washington
5300,999,Washington
5401,1,WestVirginia
5402,2,WestVirginia
5403,3,WestVirginia
5400,999,WestVirginia
5501,1,Wisconsin
5502,2,Wisconsin
5503,3,Wisconsin
5504,4,Wisconsin
5505,5,Wisconsin
5506,6,Wisconsin
5507,7,Wisconsin
5508,8,Wisconsin
5500,999,Wisconsin
5600,0,Wyoming
5601,999,Wyoming